{
    "answers": {
        "phase": "design",
        "action": "architectural decision",
        "scope": "uml deployment",
        "action experience": 3,
        "language": "n/a",
        "other language": "n/a",
        "aimodel": "chatgpt",
        "aimodel version": "n/a",
        "open source aimodel": "n/a",
        "tool option": "online free",
        "experience with tool": 3,
        "time allocated (h)": "1",
        "time saved estimate (h)": "0.5",
        "quality of ai help": 3,
        "knowledge acquired": 3,
        "generic feeling - now": 3,
        "generic feeling - future": 4,
        "threat level": 1,
        "notes": "Helpful guidance on PlantUML deployment and component diagrams, with corrections and improvements."
    }
}
