{
    "answers": {
        "phase": "coding",
        "action": "source code authoring",
        "scope": "api",
        "action experience": 4,
        "language": "js-node",
        "other language": "<fill in>",
        "aimodel": "chatgpt",
        "aimodel version": "o1",
        "open source aimodel": "<fill in>",
        "tool option": "online full", 
        "experience with tool": 5,
        "time allocated (h)": "0.2",
        "time saved estimate (h)": "0.5", 
        "quality of ai help": 4,
        "knowledge acquired": 4,
        "generic feeling - now": 3,
        "generic feeling - future": 4,
        "threat level": 2,
        "notes": "CLI for our API"
    }
}