{
    "answers": {
        "phase": "coding",
        "action": "source code authoring",
        "scope": "backend",
        "action experience": 3,
        "language": "js-node",
        "other language": "n/a",
        "aimodel": "chatgpt",
        "aimodel version": "4o",
        "open source aimodel": "n/a",
        "tool option": "online full",
        "experience with tool": 3,
        "time allocated (h)": 0.5,
        "time saved estimate (h)": 1,
        "quality of ai help": 4,
        "knowledge acquired": 3,
        "generic feeling - now": 3,
        "generic feeling - future": 4,
        "threat level": 2,
        "notes": "helpful"
    }
}
