{
    "answers": {
        "phase": "coding",
        "action": "data design",
        "scope":  "frontend",
        "action experience": 5,
        "language": "js",
        "other language": "other",
        "aimodel": "chatgpt",
        "aimodel version": "<fill in>",
        "open source aimodel": "<fill in>",
        "tool option": "online full",
        "experience with tool": 5,
        "time allocated (h)": "1",
        "time saved estimate (h)": "4", 
        "quality of ai help": 5,
        "knowledge acquired": 1,
        "generic feeling - now": 4,
        "generic feeling - future": 4,
        "threat level": 1,
        "notes": "<Fixing design issues>"
    }
}