{
    "answers": {
        "phase": "coding",
        "action": "functional requirements",
	"scope": "backend",
        "action experience": 3,
        "language": "python",
        "other language": "n/a",
        "aimodel": "chatgpt",
	"aimodel version": "4o",
        "open source aimodel": "n/a",
        "tool option": "online free",
        "experience with tool": 4,
        "time allocated (h)": 1,
        "time saved estimate (h)": 2, 
        "quality of ai help": 3,
        "knowledge acquired": 2,
        "generic feeling - now": 3,
        "generic feeling - future": 5,
        "threat level": 1,
        "notes": "helpful for debugging when your head isnt there"
    }
}