{
    "answers": {
        "phase": "coding",
        "action": "source code authoring",
        "scope": "backend",
        "action experience": 3,
        "language": "js-node",
        "other language": "n/a",
        "aimodel": "chatgpt",
        "aimodel version": "4",
        "open source aimodel": "n/a",
        "tool option": "online free",
        "experience with tool": 3,
        "time allocated (h)": "2",
        "time saved estimate (h)": "1",
        "quality of ai help": 4,
        "knowledge acquired": 4,
        "generic feeling - now": 4,
        "generic feeling - future": 5,
        "threat level": 1,
        "notes": "Helped with HTTPS, CORS issues, and debugging npm scripts."
    }
}
