{
    "answers": {
        "phase": "requirements gathering",
        "action": "problem understanding",
        "scope": "data management",
        "action experience": 2,
        "language": "python",
        "other language": "<fill in>",
        "aimodel": "chatgpt",
        "aimodel version": "4ο",
        "open source aimodel": "<fill in>",
        "tool option": "online free",
        "experience with tool": 3,
        "time allocated (h)": 2,
        "time saved estimate (h)": 1, 
        "quality of ai help": 4,
        "knowledge acquired": 4,
        "generic feeling - now": 4,
        "generic feeling - future": 4,
        "threat level": 1,
        "notes": "The AI provided helpful guidance and troubleshooting advice on model feature handling and prediction workflows."
    }
}
