{
    "answers": {
        "phase": "requirements specification",
        "action": "code management",
        "scope":  "deployment scripts",
        "action experience": 5,
        "language": "json",
        "other language": "n/a",
        "aimodel": "chatgpt",
        "aimodel version": "o3-mini",
        "open source aimodel": "<fill in>",
        "tool option": "online full",
        "experience with tool":4,
        "time allocated (h)": "1",
        "time saved estimate (h)": "4", 
        "quality of ai help": 4,
        "knowledge acquired": 2,
        "generic feeling - now": 3,
        "generic feeling - future": 4,
        "threat level": 1,
        "notes": "OpenAPI DOC"
    }
}