{
    "answers": {
        "phase": "coding",
        "action": "design decision",
        "scope":  "frontend",
        "action experience": 5,
        "language": "js",
        "other language": "<fill in>",
        "aimodel": "chatgpt",
        "aimodel version": "<4o>",
        "open source aimodel": "<fill in>",
        "tool option": "online full",
        "experience with tool": 5,
        "time allocated (h)": "2",
        "time saved estimate (h)": "4", 
        "quality of ai help": 5,
        "knowledge acquired": 2,
        "generic feeling - now": 4,
        "generic feeling - future": 4,
        "threat level": 1,
        "notes": "<addition of html for debt figures graphs>"
    }
}