{
    "answers": {
        "phase": "coding",
        "action": "problem understanding",
        "scope": "backend",
        "action experience": 3,
        "language": "js-node",
        "other language": "n/a",
        "aimodel": "chatgpt",
        "aimodel version": "n/a",
        "open source aimodel": "n/a",
        "tool option": "online free",
        "experience with tool": 4,
        "time allocated (h)": 0.3,
        "time saved estimate (h)": 1,
        "quality of ai help": 4,
        "knowledge acquired": 3,
        "generic feeling - now": 4,
        "generic feeling - future": 4,
        "threat level": 2,
        "notes": "Identified the issue with multiple response calls in Express and suggested fixes."
    }
}
