{
    "answers": {
        "phase": "coding",
        "action": "functional testing",
        "scope": "api",
        "action experience": 3,
        "language": "js-node",
        "other language": "<fill in>",
        "aimodel": "chatgpt",
        "aimodel version": "o1",
        "open source aimodel": "<fill in>",
        "tool option": "online full", 
        "experience with tool": 5,
        "time allocated (h)": "0.5",
        "time saved estimate (h)": "1", 
        "quality of ai help": 5,
        "knowledge acquired": 4,
        "generic feeling - now": 3,
        "generic feeling - future": 3,
        "threat level": 2,
        "notes": "Help script for running massive number of .sh files for testing"
    }
}